<AusgabeKonfiguration>
    <AusgabenFactory class="de.oberbrechen.koeb.pdf.pdfKoeBOberbrechen.PdfBenutzerausweisAusgabenFactory">
        <Ordner>/</Ordner>
    </AusgabenFactory>
    <AusgabenFactory class="de.oberbrechen.koeb.pdf.pdfTeilnehmerListe.PdfTeilnehmerlisteAusgabenFactory">
        <Ordner>/</Ordner>
    </AusgabenFactory>
    <AusgabenFactory class="de.oberbrechen.koeb.pdf.pdfMahnungsListe.PdfMahnungslisteAusgabenFactory">
        <Ordner>Mahnungen</Ordner>
        <Parameter name="MindestUeberziehungInWochen">2</Parameter>
        <Parameter name="MindestUeberziehungInWochen">5</Parameter>
    </AusgabenFactory>
    <AusgabenFactory class="de.oberbrechen.koeb.pdf.pdfAusleihStatistik.PdfAusleihstatistikAusgabenFactory">
        <Ordner>Ausleihstatistiken</Ordner>
        <Parameter name="Jahr">2003</Parameter>
        <Parameter name="Statistik">de.oberbrechen.koeb.ausgaben.ausleihstatistik.StandardAusleihstatistik</Parameter>
    </AusgabenFactory>
    <AusgabenFactory class="de.oberbrechen.koeb.pdf.pdfInternetStatistik.PdfInternetstatistikAusgabenFactory">
        <Ordner>Internetstatistiken</Ordner>
        <Parameter name="Jahr">2003</Parameter>
    </AusgabenFactory>
    <AusgabenFactory class="de.oberbrechen.koeb.pdf.pdfMedienListe.PdfMedienlisteAusgabenFactory">
        <Ordner>/</Ordner>
    </AusgabenFactory>
    <AusgabenFactory class="de.oberbrechen.koeb.pdf.pdfKoeBOberbrechen.PdfMedienaufkleberAusgabenFactory">
        <Ordner>/</Ordner>
    </AusgabenFactory>
    <AusgabenFactory class="de.oberbrechen.koeb.pdf.pdfAktuelleAusleihenListe.PdfAktuelleAusleihenListeAusgabenFactory">
        <Ordner>/</Ordner>
    </AusgabenFactory>    
</AusgabeKonfiguration>
