<MedienAusgabeKonfiguration>
    <MedienAusgabeFactory class="de.oberbrechen.koeb.pdf.pdfKoeBOberbrechen.PdfMedienaufkleberMedienAusgabeFactory">
		<Parameter name="klein">false</Parameter>
    </MedienAusgabeFactory>
    <MedienAusgabeFactory class="de.oberbrechen.koeb.pdf.pdfKoeBOberbrechen.PdfMedienaufkleberMedienAusgabeFactory">
		<Parameter name="klein">true</Parameter>
    </MedienAusgabeFactory>
    <MedienAusgabeFactory class="de.oberbrechen.koeb.pdf.pdfMedienListe.PdfMedienlisteMedienAusgabeFactory"/>
</MedienAusgabeKonfiguration>
